,0
0,AED/ARS
1,AED/AUD
2,AED/BBD
3,AED/BHD
4,AED/BRL
5,AED/CAD
6,AED/CHF
7,AED/CLP
8,AED/CNY
9,AED/CZK
10,AED/DKK
11,AED/EGP
12,AED/EUR
13,AED/GBP
14,AED/HKD
15,AED/HUF
16,AED/IDR
17,AED/ILS
18,AED/INR
19,AED/ISK
20,AED/JMD
21,AED/JOD
22,AED/JPY
23,AED/KES
24,AED/KRW
25,AED/KWD
26,AED/LBP
27,AED/LKR
28,AED/MAD
29,AED/MXN
30,AED/MYR
31,AED/NAD
32,AED/NOK
33,AED/NPR
34,AED/NZD
35,AED/OMR
36,AED/PAB
37,AED/PHP
38,AED/PKR
39,AED/PLN
40,AED/QAR
41,AED/RON
42,AED/RUB
43,AED/SAR
44,AED/SEK
45,AED/SGD
46,AED/THB
47,AED/TRY
48,AED/TWD
49,AED/USD
50,AED/VEF
51,AED/XAF
52,AED/XCD
53,AED/XOF
54,AED/ZAR
55,AFN/USD
56,ARS/AED
57,ARS/AUD
58,ARS/BBD
59,ARS/BHD
60,ARS/BOB
61,ARS/BRL
62,ARS/CAD
63,ARS/CHF
64,ARS/CLP
65,ARS/CNY
66,ARS/COP
67,ARS/CZK
68,ARS/DKK
69,ARS/EGP
70,ARS/EUR
71,ARS/GBP
72,ARS/HKD
73,ARS/HUF
74,ARS/IDR
75,ARS/ILS
76,ARS/INR
77,ARS/ISK
78,ARS/JMD
79,ARS/JOD
80,ARS/JPY
81,ARS/KES
82,ARS/KRW
83,ARS/LBP
84,ARS/LKR
85,ARS/MAD
86,ARS/MXN
87,ARS/MYR
88,ARS/NAD
89,ARS/NOK
90,ARS/NPR
91,ARS/NZD
92,ARS/OMR
93,ARS/PAB
94,ARS/PEN
95,ARS/PHP
96,ARS/PKR
97,ARS/PLN
98,ARS/PYG
99,ARS/QAR
100,ARS/RON
101,ARS/RUB
102,ARS/SAR
103,ARS/SEK
104,ARS/SGD
105,ARS/THB
106,ARS/TRY
107,ARS/TWD
108,ARS/USD
109,ARS/UYU
110,ARS/VEF
111,ARS/XAF
112,ARS/XCD
113,ARS/XOF
114,ARS/ZAR
115,AUD/AED
116,AUD/ARS
117,AUD/BBD
118,AUD/BHD
119,AUD/BRL
120,AUD/BYN
121,AUD/CAD
122,AUD/CHF
123,AUD/CLP
124,AUD/CNY
125,AUD/CZK
126,AUD/DKK
127,AUD/EGP
128,AUD/EUR
129,AUD/FJD
130,AUD/GBP
131,AUD/HKD
132,AUD/HRK
133,AUD/HUF
134,AUD/IDR
135,AUD/ILS
136,AUD/INR
137,AUD/ISK
138,AUD/JMD
139,AUD/JOD
140,AUD/JPY
141,AUD/KES
142,AUD/KRW
143,AUD/LBP
144,AUD/LKR
145,AUD/MAD
146,AUD/MXN
147,AUD/MYR
148,AUD/NAD
149,AUD/NOK
150,AUD/NPR
151,AUD/NZD
152,AUD/OMR
153,AUD/PAB
154,AUD/PHP
155,AUD/PKR
156,AUD/PLN
157,AUD/QAR
158,AUD/RON
159,AUD/RUB
160,AUD/SAR
161,AUD/SEK
162,AUD/SGD
163,AUD/THB
164,AUD/TRY
165,AUD/TWD
166,AUD/UAH
167,AUD/USD
168,AUD/VEF
169,AUD/XAF
170,AUD/XCD
171,AUD/XOF
172,AUD/ZAR
173,AZN/RUB
174,BGN/RUB
175,BHD/EUR
176,BHD/INR
177,BHD/PKR
178,BND/GBP
179,BOB/ARS
180,BOB/BRL
181,BOB/CLP
182,BOB/COP
183,BOB/MXN
184,BOB/PEN
185,BOB/PYG
186,BOB/USD
187,BOB/UYU
188,BOB/VEF
189,BRL/AED
190,BRL/ARS
191,BRL/AUD
192,BRL/BBD
193,BRL/BHD
194,BRL/BOB
195,BRL/CAD
196,BRL/CHF
197,BRL/CLP
198,BRL/CNY
199,BRL/COP
200,BRL/CZK
201,BRL/DKK
202,BRL/EGP
203,BRL/EUR
204,BRL/GBP
205,BRL/HKD
206,BRL/HUF
207,BRL/IDR
208,BRL/ILS
209,BRL/INR
210,BRL/ISK
211,BRL/JMD
212,BRL/JOD
213,BRL/JPY
214,BRL/KES
215,BRL/KRW
216,BRL/LBP
217,BRL/LKR
218,BRL/MAD
219,BRL/MXN
220,BRL/MYR
221,BRL/NAD
222,BRL/NOK
223,BRL/NPR
224,BRL/NZD
225,BRL/OMR
226,BRL/PAB
227,BRL/PEN
228,BRL/PHP
229,BRL/PKR
230,BRL/PLN
231,BRL/PYG
232,BRL/QAR
233,BRL/RON
234,BRL/RUB
235,BRL/SAR
236,BRL/SEK
237,BRL/SGD
238,BRL/THB
239,BRL/TRY
240,BRL/TWD
241,BRL/USD
242,BRL/UYU
243,BRL/VEF
244,BRL/XAF
245,BRL/XCD
246,BRL/XOF
247,BRL/ZAR
248,BSD/GBP
249,BWP/ZAR
250,BYN/EUR
251,BYN/RUB
252,BYN/USD
253,CAD/AED
254,CAD/ARS
255,CAD/AUD
256,CAD/BBD
257,CAD/BHD
258,CAD/BRL
259,CAD/BYN
260,CAD/CHF
261,CAD/CLP
262,CAD/CNY
263,CAD/COP
264,CAD/CZK
265,CAD/DKK
266,CAD/EGP
267,CAD/EUR
268,CAD/GBP
269,CAD/HKD
270,CAD/HUF
271,CAD/IDR
272,CAD/ILS
273,CAD/INR
274,CAD/ISK
275,CAD/JMD
276,CAD/JOD
277,CAD/JPY
278,CAD/KES
279,CAD/KRW
280,CAD/KWD
281,CAD/LBP
282,CAD/LKR
283,CAD/MAD
284,CAD/MXN
285,CAD/MYR
286,CAD/NAD
287,CAD/NOK
288,CAD/NPR
289,CAD/NZD
290,CAD/OMR
291,CAD/PAB
292,CAD/PHP
293,CAD/PKR
294,CAD/PLN
295,CAD/QAR
296,CAD/RON
297,CAD/RUB
298,CAD/SAR
299,CAD/SEK
300,CAD/SGD
301,CAD/THB
302,CAD/TRY
303,CAD/TWD
304,CAD/UAH
305,CAD/USD
306,CAD/VEF
307,CAD/XAF
308,CAD/XCD
309,CAD/XOF
310,CAD/ZAR
311,CHF/AED
312,CHF/ARS
313,CHF/AUD
314,CHF/BBD
315,CHF/BGN
316,CHF/BHD
317,CHF/BRL
318,CHF/BYN
319,CHF/CAD
320,CHF/CLP
321,CHF/CNY
322,CHF/CZK
323,CHF/DKK
324,CHF/EGP
325,CHF/EUR
326,CHF/GBP
327,CHF/HKD
328,CHF/HUF
329,CHF/IDR
330,CHF/ILS
331,CHF/INR
332,CHF/ISK
333,CHF/JMD
334,CHF/JOD
335,CHF/JPY
336,CHF/KES
337,CHF/KRW
338,CHF/LBP
339,CHF/LKR
340,CHF/MAD
341,CHF/MXN
342,CHF/MYR
343,CHF/NAD
344,CHF/NOK
345,CHF/NPR
346,CHF/NZD
347,CHF/OMR
348,CHF/PAB
349,CHF/PHP
350,CHF/PKR
351,CHF/PLN
352,CHF/QAR
353,CHF/RON
354,CHF/RUB
355,CHF/SAR
356,CHF/SEK
357,CHF/SGD
358,CHF/THB
359,CHF/TRY
360,CHF/TWD
361,CHF/UAH
362,CHF/USD
363,CHF/VEF
364,CHF/XAF
365,CHF/XCD
366,CHF/ZAR
367,CLP/ARS
368,CLP/BOB
369,CLP/BRL
370,CLP/COP
371,CLP/IDR
372,CLP/KRW
373,CLP/MXN
374,CLP/PEN
375,CLP/PYG
376,CLP/USD
377,CLP/UYU
378,CLP/VEF
379,CNY/AED
380,CNY/ARS
381,CNY/AUD
382,CNY/BBD
383,CNY/BHD
384,CNY/BRL
385,CNY/BYN
386,CNY/CAD
387,CNY/CHF
388,CNY/CLP
389,CNY/CNH
390,CNY/CZK
391,CNY/DKK
392,CNY/EGP
393,CNY/EUR
394,CNY/GBP
395,CNY/HKD
396,CNY/HUF
397,CNY/IDR
398,CNY/ILS
399,CNY/INR
400,CNY/ISK
401,CNY/JMD
402,CNY/JOD
403,CNY/JPY
404,CNY/KES
405,CNY/KRW
406,CNY/LBP
407,CNY/LKR
408,CNY/MAD
409,CNY/MNT
410,CNY/MXN
411,CNY/MYR
412,CNY/NAD
413,CNY/NOK
414,CNY/NPR
415,CNY/NZD
416,CNY/OMR
417,CNY/PAB
418,CNY/PHP
419,CNY/PKR
420,CNY/PLN
421,CNY/QAR
422,CNY/RON
423,CNY/RUB
424,CNY/SAR
425,CNY/SEK
426,CNY/SGD
427,CNY/THB
428,CNY/TRY
429,CNY/TWD
430,CNY/UAH
431,CNY/USD
432,CNY/VEF
433,CNY/XAF
434,CNY/XCD
435,CNY/ZAR
436,COP/ARS
437,COP/BOB
438,COP/BRL
439,COP/CLP
440,COP/MXN
441,COP/PEN
442,COP/PYG
443,COP/USD
444,COP/UYU
445,COP/VEF
446,CZK/HUF
447,CZK/ILS
448,CZK/JPY
449,CZK/PLN
450,CZK/RUB
451,CZK/SEK
452,DKK/AED
453,DKK/ARS
454,DKK/AUD
455,DKK/BBD
456,DKK/BGN
457,DKK/BHD
458,DKK/BRL
459,DKK/CAD
460,DKK/CHF
461,DKK/CLP
462,DKK/CNY
463,DKK/COP
464,DKK/CZK
465,DKK/EGP
466,DKK/EUR
467,DKK/GBP
468,DKK/HKD
469,DKK/HUF
470,DKK/IDR
471,DKK/ILS
472,DKK/INR
473,DKK/JMD
474,DKK/JOD
475,DKK/JPY
476,DKK/KES
477,DKK/KRW
478,DKK/LBP
479,DKK/LKR
480,DKK/MAD
481,DKK/MXN
482,DKK/MYR
483,DKK/NAD
484,DKK/NOK
485,DKK/NPR
486,DKK/NZD
487,DKK/OMR
488,DKK/PAB
489,DKK/PHP
490,DKK/PKR
491,DKK/PLN
492,DKK/QAR
493,DKK/RON
494,DKK/RUB
495,DKK/SAR
496,DKK/SEK
497,DKK/SGD
498,DKK/THB
499,DKK/TRY
500,DKK/TWD
501,DKK/UAH
502,DKK/USD
503,DKK/VEF
504,DKK/XAF
505,DKK/XCD
506,DKK/ZAR
507,EGP/AED
508,EGP/EUR
509,EGP/GBP
510,EGP/JPY
511,EGP/PKR
512,EGP/SAR
513,EGP/USD
514,EUR/AED
515,EUR/AFN
516,EUR/ALL
517,EUR/AMD
518,EUR/ANG
519,EUR/AOA
520,EUR/ARS
521,EUR/AUD
522,EUR/AZN
523,EUR/BBD
524,EUR/BDT
525,EUR/BGN
526,EUR/BHD
527,EUR/BIF
528,EUR/BND
529,EUR/BOB
530,EUR/BRL
531,EUR/BSD
532,EUR/BWP
533,EUR/BYN
534,EUR/BZD
535,EUR/CAD
536,EUR/CHF
537,EUR/CLP
538,EUR/CNY
539,EUR/COP
540,EUR/CRC
541,EUR/CUP
542,EUR/CVE
543,EUR/CZK
544,EUR/DJF
545,EUR/DKK
546,EUR/DOP
547,EUR/DZD
548,EUR/EGP
549,EUR/ETB
550,EUR/FJD
551,EUR/GBP
552,EUR/GEL
553,EUR/GHS
554,EUR/GMD
555,EUR/GNF
556,EUR/GTQ
557,EUR/HKD
558,EUR/HNL
559,EUR/HRK
560,EUR/HTG
561,EUR/HUF
562,EUR/IDR
563,EUR/ILS
564,EUR/INR
565,EUR/IQD
566,EUR/ISK
567,EUR/JMD
568,EUR/JOD
569,EUR/JPY
570,EUR/KES
571,EUR/KHR
572,EUR/KRW
573,EUR/KWD
574,EUR/KYD
575,EUR/KZT
576,EUR/LAK
577,EUR/LBP
578,EUR/LKR
579,EUR/LSL
580,EUR/LYD
581,EUR/MAD
582,EUR/MDL
583,EUR/MGA
584,EUR/MKD
585,EUR/MMK
586,EUR/MOP
587,EUR/MRO
588,EUR/MUR
589,EUR/MWK
590,EUR/MXN
591,EUR/MYR
592,EUR/MZN
593,EUR/NAD
594,EUR/NGN
595,EUR/NIO
596,EUR/NOK
597,EUR/NPR
598,EUR/NZD
599,EUR/OMR
600,EUR/PAB
601,EUR/PEN
602,EUR/PGK
603,EUR/PHP
604,EUR/PKR
605,EUR/PLN
606,EUR/PYG
607,EUR/QAR
608,EUR/RON
609,EUR/RSD
610,EUR/RUB
611,EUR/RWF
612,EUR/SAR
613,EUR/SCR
614,EUR/SDG
615,EUR/SEK
616,EUR/SGD
617,EUR/SOS
618,EUR/STD
619,EUR/SVC
620,EUR/SZL
621,EUR/THB
622,EUR/TJS
623,EUR/TND
624,EUR/TRY
625,EUR/TTD
626,EUR/TWD
627,EUR/TZS
628,EUR/UAH
629,EUR/UGX
630,EUR/USD
631,EUR/UYU
632,EUR/UZS
633,EUR/VEF
634,EUR/VND
635,EUR/XAF
636,EUR/XCD
637,EUR/XOF
638,EUR/XPF
639,EUR/ZAR
640,EUR/ZMK
641,FJD/USD
642,GAU/EUR
643,GAU/GBP
644,GAU/IDR
645,GAU/TRY
646,GAU/USD
647,GBP/AED
648,GBP/ALL
649,GBP/ARS
650,GBP/AUD
651,GBP/BBD
652,GBP/BDT
653,GBP/BGN
654,GBP/BHD
655,GBP/BIF
656,GBP/BRL
657,GBP/BSD
658,GBP/BWP
659,GBP/BYN
660,GBP/CAD
661,GBP/CHF
662,GBP/CLP
663,GBP/CNY
664,GBP/COP
665,GBP/CRC
666,GBP/CZK
667,GBP/DJF
668,GBP/DKK
669,GBP/DOP
670,GBP/DZD
671,GBP/EGP
672,GBP/ETB
673,GBP/EUR
674,GBP/FJD
675,GBP/GMD
676,GBP/GTQ
677,GBP/HKD
678,GBP/HNL
679,GBP/HRK
680,GBP/HTG
681,GBP/HUF
682,GBP/IDR
683,GBP/ILS
684,GBP/INR
685,GBP/IQD
686,GBP/IRR
687,GBP/ISK
688,GBP/JMD
689,GBP/JOD
690,GBP/JPY
691,GBP/KES
692,GBP/KRW
693,GBP/KWD
694,GBP/KZT
695,GBP/LBP
696,GBP/LKR
697,GBP/MAD
698,GBP/MUR
699,GBP/MWK
700,GBP/MXN
701,GBP/MYR
702,GBP/NAD
703,GBP/NGN
704,GBP/NIO
705,GBP/NOK
706,GBP/NPR
707,GBP/NZD
708,GBP/OMR
709,GBP/PAB
710,GBP/PEN
711,GBP/PGK
712,GBP/PHP
713,GBP/PKR
714,GBP/PLN
715,GBP/QAR
716,GBP/RON
717,GBP/RUB
718,GBP/SAR
719,GBP/SCR
720,GBP/SEK
721,GBP/SGD
722,GBP/SZL
723,GBP/THB
724,GBP/TND
725,GBP/TRY
726,GBP/TTD
727,GBP/TWD
728,GBP/TZS
729,GBP/UAH
730,GBP/UGX
731,GBP/USD
732,GBP/VND
733,GBP/XAF
734,GBP/XCD
735,GBP/XOF
736,GBP/XPF
737,GBP/ZAR
738,GBP/ZMK
739,GEL/EUR
740,GEL/RUB
741,GHS/EUR
742,GHS/USD
743,HKD/AED
744,HKD/ARS
745,HKD/AUD
746,HKD/BBD
747,HKD/BHD
748,HKD/BRL
749,HKD/CAD
750,HKD/CHF
751,HKD/CLP
752,HKD/CNY
753,HKD/CZK
754,HKD/DKK
755,HKD/EGP
756,HKD/EUR
757,HKD/GBP
758,HKD/HUF
759,HKD/IDR
760,HKD/ILS
761,HKD/INR
762,HKD/ISK
763,HKD/JMD
764,HKD/JOD
765,HKD/JPY
766,HKD/KES
767,HKD/KRW
768,HKD/LBP
769,HKD/LKR
770,HKD/MAD
771,HKD/MXN
772,HKD/MYR
773,HKD/NAD
774,HKD/NOK
775,HKD/NPR
776,HKD/NZD
777,HKD/OMR
778,HKD/PAB
779,HKD/PHP
780,HKD/PKR
781,HKD/PLN
782,HKD/QAR
783,HKD/RON
784,HKD/RUB
785,HKD/SAR
786,HKD/SEK
787,HKD/SGD
788,HKD/THB
789,HKD/TRY
790,HKD/TWD
791,HKD/USD
792,HKD/VEF
793,HKD/XAF
794,HKD/XCD
795,HKD/XOF
796,HKD/ZAR
797,HUF/CLP
798,HUF/EUR
799,HUF/IDR
800,HUF/ILS
801,HUF/INR
802,HUF/ISK
803,HUF/JMD
804,HUF/JPY
805,HUF/KES
806,HUF/KRW
807,HUF/LBP
808,HUF/LKR
809,HUF/NPR
810,HUF/PHP
811,HUF/PKR
812,HUF/RUB
813,HUF/THB
814,HUF/USD
815,HUF/XAF
816,HUF/XOF
817,IDR/AUD
818,IDR/CAD
819,IDR/CHF
820,IDR/CNY
821,IDR/EUR
822,IDR/GBP
823,IDR/INR
824,IDR/JPY
825,IDR/KRW
826,IDR/THB
827,IDR/TWD
828,IDR/USD
829,ILS/AED
830,ILS/ARS
831,ILS/AUD
832,ILS/BBD
833,ILS/BGN
834,ILS/BHD
835,ILS/BRL
836,ILS/CAD
837,ILS/CHF
838,ILS/CLP
839,ILS/CNY
840,ILS/COP
841,ILS/CZK
842,ILS/DKK
843,ILS/EGP
844,ILS/EUR
845,ILS/GBP
846,ILS/HKD
847,ILS/HUF
848,ILS/IDR
849,ILS/INR
850,ILS/ISK
851,ILS/JMD
852,ILS/JOD
853,ILS/JPY
854,ILS/KES
855,ILS/KRW
856,ILS/LBP
857,ILS/LKR
858,ILS/MAD
859,ILS/MXN
860,ILS/MYR
861,ILS/NAD
862,ILS/NOK
863,ILS/NPR
864,ILS/NZD
865,ILS/OMR
866,ILS/PAB
867,ILS/PEN
868,ILS/PHP
869,ILS/PKR
870,ILS/PLN
871,ILS/QAR
872,ILS/RON
873,ILS/RUB
874,ILS/SAR
875,ILS/SEK
876,ILS/SGD
877,ILS/THB
878,ILS/TRY
879,ILS/TWD
880,ILS/UAH
881,ILS/USD
882,ILS/UYU
883,ILS/VEF
884,ILS/XAF
885,ILS/XCD
886,ILS/XOF
887,ILS/ZAR
888,INR/BRL
889,INR/CLP
890,INR/CNY
891,INR/CZK
892,INR/DKK
893,INR/EGP
894,INR/EUR
895,INR/GBP
896,INR/HKD
897,INR/HUF
898,INR/IDR
899,INR/ILS
900,INR/ISK
901,INR/JMD
902,INR/JPY
903,INR/KES
904,INR/KRW
905,INR/LBP
906,INR/LKR
907,INR/MAD
908,INR/MXN
909,INR/MYR
910,INR/NAD
911,INR/NOK
912,INR/NPR
913,INR/PHP
914,INR/PKR
915,INR/RUB
916,INR/SEK
917,INR/THB
918,INR/TRY
919,INR/TWD
920,INR/USD
921,INR/XAF
922,INR/XOF
923,INR/ZAR
924,IQD/USD
925,IRR/USD
926,ISK/CHF
927,ISK/CLP
928,ISK/CZK
929,ISK/HUF
930,ISK/IDR
931,ISK/ILS
932,ISK/INR
933,ISK/JMD
934,ISK/JPY
935,ISK/KES
936,ISK/KRW
937,ISK/LBP
938,ISK/LKR
939,ISK/NPR
940,ISK/PHP
941,ISK/PKR
942,ISK/RUB
943,ISK/THB
944,ISK/XAF
945,ISK/XOF
946,JOD/AED
947,JOD/EUR
948,JOD/GBP
949,JOD/ILS
950,JOD/JPY
951,JOD/KWD
952,JOD/SAR
953,JOD/USD
954,JPY/AED
955,JPY/ARS
956,JPY/AUD
957,JPY/BRL
958,JPY/BYN
959,JPY/CAD
960,JPY/CHF
961,JPY/CLP
962,JPY/CNY
963,JPY/CZK
964,JPY/DKK
965,JPY/EGP
966,JPY/EUR
967,JPY/GBP
968,JPY/HKD
969,JPY/HUF
970,JPY/IDR
971,JPY/ILS
972,JPY/INR
973,JPY/ISK
974,JPY/JMD
975,JPY/JOD
976,JPY/KES
977,JPY/KRW
978,JPY/KWD
979,JPY/LBP
980,JPY/LKR
981,JPY/MXN
982,JPY/MYR
983,JPY/NOK
984,JPY/NPR
985,JPY/NZD
986,JPY/PHP
987,JPY/PKR
988,JPY/PLN
989,JPY/RUB
990,JPY/SAR
991,JPY/SEK
992,JPY/SGD
993,JPY/THB
994,JPY/TRY
995,JPY/TWD
996,JPY/UAH
997,JPY/USD
998,JPY/XAF
999,JPY/XOF
1000,JPY/ZAR
1001,KGS/RUB
1002,KRW/AUD
1003,KRW/CAD
1004,KRW/CHF
1005,KRW/CNY
1006,KRW/EUR
1007,KRW/GBP
1008,KRW/HKD
1009,KRW/IDR
1010,KRW/ILS
1011,KRW/INR
1012,KRW/JPY
1013,KRW/MYR
1014,KRW/SGD
1015,KRW/THB
1016,KRW/TWD
1017,KRW/USD
1018,KRW/ZAR
1019,KWD/AED
1020,KWD/CNY
1021,KWD/EUR
1022,KWD/GBP
1023,KWD/JOD
1024,KWD/JPY
1025,KWD/MYR
1026,KWD/PKR
1027,KWD/SAR
1028,KWD/SGD
1029,KWD/TRY
1030,KWD/USD
1031,KYD/USD
1032,KZT/RUB
1033,MAD/EUR
1034,MDL/RUB
1035,MXN/AED
1036,MXN/ARS
1037,MXN/AUD
1038,MXN/BBD
1039,MXN/BOB
1040,MXN/BRL
1041,MXN/CAD
1042,MXN/CHF
1043,MXN/CLP
1044,MXN/CNY
1045,MXN/COP
1046,MXN/CZK
1047,MXN/DKK
1048,MXN/EGP
1049,MXN/EUR
1050,MXN/GBP
1051,MXN/HKD
1052,MXN/HUF
1053,MXN/IDR
1054,MXN/ILS
1055,MXN/INR
1056,MXN/ISK
1057,MXN/JMD
1058,MXN/JPY
1059,MXN/KES
1060,MXN/KRW
1061,MXN/LBP
1062,MXN/LKR
1063,MXN/MAD
1064,MXN/MYR
1065,MXN/NAD
1066,MXN/NOK
1067,MXN/NPR
1068,MXN/NZD
1069,MXN/PAB
1070,MXN/PEN
1071,MXN/PHP
1072,MXN/PKR
1073,MXN/PLN
1074,MXN/PYG
1075,MXN/QAR
1076,MXN/RON
1077,MXN/RUB
1078,MXN/SAR
1079,MXN/SEK
1080,MXN/SGD
1081,MXN/THB
1082,MXN/TRY
1083,MXN/TWD
1084,MXN/USD
1085,MXN/UYU
1086,MXN/VEF
1087,MXN/XAF
1088,MXN/XCD
1089,MXN/XOF
1090,MXN/ZAR
1091,MYR/CNY
1092,MYR/DKK
1093,MYR/HKD
1094,MYR/IDR
1095,MYR/INR
1096,MYR/JPY
1097,MYR/KRW
1098,MYR/NZD
1099,MYR/PKR
1100,MYR/SGD
1101,MYR/THB
1102,MYR/TWD
1103,MYR/USD
1104,MYR/ZAR
1105,NIO/USD
1106,NOK/AED
1107,NOK/ARS
1108,NOK/AUD
1109,NOK/BBD
1110,NOK/BHD
1111,NOK/BRL
1112,NOK/CAD
1113,NOK/CHF
1114,NOK/CLP
1115,NOK/CNY
1116,NOK/CZK
1117,NOK/DKK
1118,NOK/EGP
1119,NOK/EUR
1120,NOK/GBP
1121,NOK/HKD
1122,NOK/HUF
1123,NOK/IDR
1124,NOK/ILS
1125,NOK/INR
1126,NOK/ISK
1127,NOK/JMD
1128,NOK/JOD
1129,NOK/JPY
1130,NOK/KES
1131,NOK/KRW
1132,NOK/LBP
1133,NOK/LKR
1134,NOK/MAD
1135,NOK/MXN
1136,NOK/MYR
1137,NOK/NAD
1138,NOK/NPR
1139,NOK/NZD
1140,NOK/OMR
1141,NOK/PAB
1142,NOK/PHP
1143,NOK/PKR
1144,NOK/PLN
1145,NOK/QAR
1146,NOK/RON
1147,NOK/RUB
1148,NOK/SAR
1149,NOK/SEK
1150,NOK/SGD
1151,NOK/THB
1152,NOK/TRY
1153,NOK/TWD
1154,NOK/USD
1155,NOK/VEF
1156,NOK/XAF
1157,NOK/XCD
1158,NOK/XOF
1159,NOK/ZAR
1160,NZD/AED
1161,NZD/ARS
1162,NZD/AUD
1163,NZD/BBD
1164,NZD/BHD
1165,NZD/BRL
1166,NZD/BYN
1167,NZD/CAD
1168,NZD/CHF
1169,NZD/CLP
1170,NZD/CNY
1171,NZD/CZK
1172,NZD/DKK
1173,NZD/EGP
1174,NZD/EUR
1175,NZD/GBP
1176,NZD/HKD
1177,NZD/HUF
1178,NZD/IDR
1179,NZD/ILS
1180,NZD/INR
1181,NZD/ISK
1182,NZD/JMD
1183,NZD/JOD
1184,NZD/JPY
1185,NZD/KES
1186,NZD/KRW
1187,NZD/LBP
1188,NZD/LKR
1189,NZD/MAD
1190,NZD/MXN
1191,NZD/MYR
1192,NZD/NAD
1193,NZD/NOK
1194,NZD/NPR
1195,NZD/OMR
1196,NZD/PAB
1197,NZD/PHP
1198,NZD/PKR
1199,NZD/PLN
1200,NZD/QAR
1201,NZD/RON
1202,NZD/RUB
1203,NZD/SAR
1204,NZD/SEK
1205,NZD/SGD
1206,NZD/THB
1207,NZD/TRY
1208,NZD/TWD
1209,NZD/USD
1210,NZD/VEF
1211,NZD/XAF
1212,NZD/XCD
1213,NZD/XOF
1214,NZD/ZAR
1215,OMR/GBP
1216,OMR/PKR
1217,PEN/ARS
1218,PEN/BOB
1219,PEN/BRL
1220,PEN/CLP
1221,PEN/COP
1222,PEN/MXN
1223,PEN/PYG
1224,PEN/USD
1225,PEN/UYU
1226,PEN/VEF
1227,PHP/CLP
1228,PHP/CNY
1229,PHP/CZK
1230,PHP/DKK
1231,PHP/EGP
1232,PHP/HKD
1233,PHP/HUF
1234,PHP/IDR
1235,PHP/INR
1236,PHP/ISK
1237,PHP/JMD
1238,PHP/JPY
1239,PHP/KES
1240,PHP/KRW
1241,PHP/LBP
1242,PHP/LKR
1243,PHP/MAD
1244,PHP/MXN
1245,PHP/MYR
1246,PHP/NAD
1247,PHP/NOK
1248,PHP/NPR
1249,PHP/PKR
1250,PHP/RUB
1251,PHP/SEK
1252,PHP/THB
1253,PHP/TRY
1254,PHP/USD
1255,PHP/XAF
1256,PHP/XOF
1257,PHP/ZAR
1258,PKR/CLP
1259,PKR/CZK
1260,PKR/HUF
1261,PKR/IDR
1262,PKR/INR
1263,PKR/ISK
1264,PKR/JMD
1265,PKR/JPY
1266,PKR/KES
1267,PKR/KRW
1268,PKR/LBP
1269,PKR/LKR
1270,PKR/NPR
1271,PKR/PHP
1272,PKR/RUB
1273,PKR/THB
1274,PKR/XAF
1275,PKR/XOF
1276,PLN/AED
1277,PLN/ARS
1278,PLN/AUD
1279,PLN/BBD
1280,PLN/BHD
1281,PLN/BRL
1282,PLN/CAD
1283,PLN/CHF
1284,PLN/CLP
1285,PLN/CNY
1286,PLN/CZK
1287,PLN/DKK
1288,PLN/EGP
1289,PLN/EUR
1290,PLN/GBP
1291,PLN/HKD
1292,PLN/HUF
1293,PLN/IDR
1294,PLN/ILS
1295,PLN/INR
1296,PLN/ISK
1297,PLN/JMD
1298,PLN/JOD
1299,PLN/JPY
1300,PLN/KES
1301,PLN/KRW
1302,PLN/LBP
1303,PLN/LKR
1304,PLN/MAD
1305,PLN/MXN
1306,PLN/MYR
1307,PLN/NAD
1308,PLN/NOK
1309,PLN/NPR
1310,PLN/NZD
1311,PLN/OMR
1312,PLN/PAB
1313,PLN/PHP
1314,PLN/PKR
1315,PLN/QAR
1316,PLN/RON
1317,PLN/RUB
1318,PLN/SAR
1319,PLN/SEK
1320,PLN/SGD
1321,PLN/THB
1322,PLN/TRY
1323,PLN/TWD
1324,PLN/UAH
1325,PLN/USD
1326,PLN/VEF
1327,PLN/XAF
1328,PLN/XCD
1329,PLN/XOF
1330,PLN/ZAR
1331,PYG/ARS
1332,PYG/BOB
1333,PYG/BRL
1334,PYG/CLP
1335,PYG/COP
1336,PYG/MXN
1337,PYG/PEN
1338,PYG/USD
1339,PYG/UYU
1340,PYG/VEF
1341,QAR/PHP
1342,QAR/PKR
1343,RON/ILS
1344,RON/RUB
1345,RUB/AED
1346,RUB/AMD
1347,RUB/ARS
1348,RUB/AUD
1349,RUB/AZN
1350,RUB/BGN
1351,RUB/BRL
1352,RUB/BYN
1353,RUB/CAD
1354,RUB/CHF
1355,RUB/CLP
1356,RUB/CNY
1357,RUB/CZK
1358,RUB/DKK
1359,RUB/EGP
1360,RUB/EUR
1361,RUB/GBP
1362,RUB/HKD
1363,RUB/HUF
1364,RUB/IDR
1365,RUB/ILS
1366,RUB/INR
1367,RUB/ISK
1368,RUB/JMD
1369,RUB/JPY
1370,RUB/KES
1371,RUB/KRW
1372,RUB/KZT
1373,RUB/LBP
1374,RUB/LKR
1375,RUB/MAD
1376,RUB/MXN
1377,RUB/MYR
1378,RUB/NAD
1379,RUB/NOK
1380,RUB/NPR
1381,RUB/PHP
1382,RUB/PKR
1383,RUB/PLN
1384,RUB/QAR
1385,RUB/SAR
1386,RUB/SEK
1387,RUB/THB
1388,RUB/TRY
1389,RUB/TWD
1390,RUB/UAH
1391,RUB/USD
1392,RUB/VEF
1393,RUB/VND
1394,RUB/XAF
1395,RUB/XOF
1396,RUB/ZAR
1397,SAR/AED
1398,SAR/ARS
1399,SAR/AUD
1400,SAR/BBD
1401,SAR/BHD
1402,SAR/BRL
1403,SAR/CAD
1404,SAR/CHF
1405,SAR/CLP
1406,SAR/CNY
1407,SAR/CZK
1408,SAR/DKK
1409,SAR/EGP
1410,SAR/EUR
1411,SAR/GBP
1412,SAR/HKD
1413,SAR/HUF
1414,SAR/IDR
1415,SAR/ILS
1416,SAR/INR
1417,SAR/ISK
1418,SAR/JMD
1419,SAR/JOD
1420,SAR/JPY
1421,SAR/KES
1422,SAR/KRW
1423,SAR/KWD
1424,SAR/LBP
1425,SAR/LKR
1426,SAR/MAD
1427,SAR/MXN
1428,SAR/MYR
1429,SAR/NAD
1430,SAR/NOK
1431,SAR/NPR
1432,SAR/NZD
1433,SAR/OMR
1434,SAR/PAB
1435,SAR/PHP
1436,SAR/PKR
1437,SAR/PLN
1438,SAR/QAR
1439,SAR/RON
1440,SAR/RUB
1441,SAR/SEK
1442,SAR/SGD
1443,SAR/THB
1444,SAR/TRY
1445,SAR/TWD
1446,SAR/USD
1447,SAR/VEF
1448,SAR/XAF
1449,SAR/XCD
1450,SAR/XOF
1451,SAR/ZAR
1452,SDR/RUB
1453,SDR/TRY
1454,SEK/AED
1455,SEK/ARS
1456,SEK/AUD
1457,SEK/BBD
1458,SEK/BHD
1459,SEK/BRL
1460,SEK/CAD
1461,SEK/CHF
1462,SEK/CLP
1463,SEK/CNY
1464,SEK/CZK
1465,SEK/DKK
1466,SEK/EGP
1467,SEK/EUR
1468,SEK/GBP
1469,SEK/HKD
1470,SEK/HUF
1471,SEK/IDR
1472,SEK/ILS
1473,SEK/INR
1474,SEK/ISK
1475,SEK/JMD
1476,SEK/JOD
1477,SEK/JPY
1478,SEK/KES
1479,SEK/KRW
1480,SEK/LBP
1481,SEK/LKR
1482,SEK/MAD
1483,SEK/MXN
1484,SEK/MYR
1485,SEK/NAD
1486,SEK/NOK
1487,SEK/NPR
1488,SEK/NZD
1489,SEK/OMR
1490,SEK/PAB
1491,SEK/PHP
1492,SEK/PKR
1493,SEK/PLN
1494,SEK/QAR
1495,SEK/RON
1496,SEK/RUB
1497,SEK/SAR
1498,SEK/SGD
1499,SEK/THB
1500,SEK/TRY
1501,SEK/TWD
1502,SEK/USD
1503,SEK/VEF
1504,SEK/XAF
1505,SEK/XCD
1506,SEK/XOF
1507,SEK/ZAR
1508,SGD/AED
1509,SGD/ARS
1510,SGD/AUD
1511,SGD/BBD
1512,SGD/BHD
1513,SGD/BRL
1514,SGD/CAD
1515,SGD/CHF
1516,SGD/CLP
1517,SGD/CNY
1518,SGD/CZK
1519,SGD/DKK
1520,SGD/EGP
1521,SGD/EUR
1522,SGD/GBP
1523,SGD/HKD
1524,SGD/HUF
1525,SGD/IDR
1526,SGD/ILS
1527,SGD/INR
1528,SGD/ISK
1529,SGD/JMD
1530,SGD/JOD
1531,SGD/JPY
1532,SGD/KES
1533,SGD/KRW
1534,SGD/KWD
1535,SGD/LBP
1536,SGD/LKR
1537,SGD/MAD
1538,SGD/MXN
1539,SGD/MYR
1540,SGD/NAD
1541,SGD/NOK
1542,SGD/NPR
1543,SGD/NZD
1544,SGD/OMR
1545,SGD/PAB
1546,SGD/PHP
1547,SGD/PKR
1548,SGD/PLN
1549,SGD/QAR
1550,SGD/RON
1551,SGD/RUB
1552,SGD/SAR
1553,SGD/SEK
1554,SGD/THB
1555,SGD/TRY
1556,SGD/TWD
1557,SGD/USD
1558,SGD/VEF
1559,SGD/XAF
1560,SGD/XCD
1561,SGD/XOF
1562,SGD/ZAR
1563,SYP/USD
1564,THB/AED
1565,THB/ARS
1566,THB/AUD
1567,THB/BHD
1568,THB/BRL
1569,THB/CLP
1570,THB/CNY
1571,THB/CZK
1572,THB/DKK
1573,THB/EGP
1574,THB/GBP
1575,THB/HKD
1576,THB/HUF
1577,THB/IDR
1578,THB/ILS
1579,THB/INR
1580,THB/ISK
1581,THB/JMD
1582,THB/JPY
1583,THB/KES
1584,THB/KRW
1585,THB/LBP
1586,THB/LKR
1587,THB/MAD
1588,THB/MXN
1589,THB/MYR
1590,THB/NAD
1591,THB/NOK
1592,THB/NPR
1593,THB/PHP
1594,THB/PKR
1595,THB/QAR
1596,THB/RUB
1597,THB/SAR
1598,THB/SEK
1599,THB/TRY
1600,THB/TWD
1601,THB/USD
1602,THB/XAF
1603,THB/XOF
1604,THB/ZAR
1605,TJS/RUB
1606,TMT/RUB
1607,TND/GBP
1608,TRY/AED
1609,TRY/ARS
1610,TRY/AUD
1611,TRY/BBD
1612,TRY/BHD
1613,TRY/BRL
1614,TRY/CAD
1615,TRY/CHF
1616,TRY/CLP
1617,TRY/CNY
1618,TRY/CZK
1619,TRY/DKK
1620,TRY/EGP
1621,TRY/EUR
1622,TRY/GBP
1623,TRY/HKD
1624,TRY/HUF
1625,TRY/IDR
1626,TRY/ILS
1627,TRY/INR
1628,TRY/ISK
1629,TRY/JMD
1630,TRY/JOD
1631,TRY/JPY
1632,TRY/KES
1633,TRY/KRW
1634,TRY/LBP
1635,TRY/LKR
1636,TRY/MAD
1637,TRY/MXN
1638,TRY/MYR
1639,TRY/NAD
1640,TRY/NOK
1641,TRY/NPR
1642,TRY/NZD
1643,TRY/OMR
1644,TRY/PAB
1645,TRY/PHP
1646,TRY/PKR
1647,TRY/PLN
1648,TRY/QAR
1649,TRY/RON
1650,TRY/RUB
1651,TRY/SAR
1652,TRY/SEK
1653,TRY/SGD
1654,TRY/THB
1655,TRY/TWD
1656,TRY/UAH
1657,TRY/USD
1658,TRY/VEF
1659,TRY/XAF
1660,TRY/XCD
1661,TRY/XOF
1662,TRY/ZAR
1663,TWD/AED
1664,TWD/ARS
1665,TWD/AUD
1666,TWD/BBD
1667,TWD/BHD
1668,TWD/BRL
1669,TWD/CAD
1670,TWD/CHF
1671,TWD/CLP
1672,TWD/CNY
1673,TWD/CZK
1674,TWD/DKK
1675,TWD/EGP
1676,TWD/EUR
1677,TWD/GBP
1678,TWD/HKD
1679,TWD/HUF
1680,TWD/IDR
1681,TWD/ILS
1682,TWD/INR
1683,TWD/ISK
1684,TWD/JMD
1685,TWD/JOD
1686,TWD/JPY
1687,TWD/KES
1688,TWD/KRW
1689,TWD/LBP
1690,TWD/LKR
1691,TWD/MAD
1692,TWD/MXN
1693,TWD/MYR
1694,TWD/NAD
1695,TWD/NOK
1696,TWD/NPR
1697,TWD/NZD
1698,TWD/OMR
1699,TWD/PAB
1700,TWD/PHP
1701,TWD/PKR
1702,TWD/PLN
1703,TWD/QAR
1704,TWD/RON
1705,TWD/RUB
1706,TWD/SAR
1707,TWD/SEK
1708,TWD/SGD
1709,TWD/THB
1710,TWD/TRY
1711,TWD/USD
1712,TWD/VEF
1713,TWD/XAF
1714,TWD/XCD
1715,TWD/XOF
1716,TWD/ZAR
1717,UAH/DKK
1718,UAH/KZT
1719,UAH/PLN
1720,UAH/RUB
1721,UAH/USD
1722,USD/AED
1723,USD/AFN
1724,USD/ALL
1725,USD/AMD
1726,USD/ANG
1727,USD/AOA
1728,USD/ARS
1729,USD/AUD
1730,USD/AZN
1731,USD/BBD
1732,USD/BDT
1733,USD/BGN
1734,USD/BHD
1735,USD/BIF
1736,USD/BND
1737,USD/BOB
1738,USD/BRL
1739,USD/BWP
1740,USD/BYN
1741,USD/BZD
1742,USD/CAD
1743,USD/CHF
1744,USD/CLP
1745,USD/CNH
1746,USD/CNY
1747,USD/COP
1748,USD/CRC
1749,USD/CZK
1750,USD/DJF
1751,USD/DKK
1752,USD/DOP
1753,USD/DZD
1754,USD/EGP
1755,USD/ETB
1756,USD/EUR
1757,USD/FJD
1758,USD/GBP
1759,USD/GEL
1760,USD/GHS
1761,USD/GMD
1762,USD/GNF
1763,USD/GTQ
1764,USD/HKD
1765,USD/HNL
1766,USD/HRK
1767,USD/HTG
1768,USD/HUF
1769,USD/IDR
1770,USD/ILS
1771,USD/INR
1772,USD/IQD
1773,USD/ISK
1774,USD/JMD
1775,USD/JOD
1776,USD/JPY
1777,USD/KES
1778,USD/KGS
1779,USD/KHR
1780,USD/KMF
1781,USD/KRW
1782,USD/KWD
1783,USD/KZT
1784,USD/LAK
1785,USD/LBP
1786,USD/LKR
1787,USD/LSL
1788,USD/LYD
1789,USD/MAD
1790,USD/MDL
1791,USD/MGA
1792,USD/MKD
1793,USD/MMK
1794,USD/MNT
1795,USD/MOP
1796,USD/MRO
1797,USD/MUR
1798,USD/MVR
1799,USD/MWK
1800,USD/MXN
1801,USD/MYR
1802,USD/MZN
1803,USD/NAD
1804,USD/NGN
1805,USD/NIO
1806,USD/NOK
1807,USD/NPR
1808,USD/NZD
1809,USD/OMR
1810,USD/PEN
1811,USD/PGK
1812,USD/PHP
1813,USD/PKR
1814,USD/PLN
1815,USD/PYG
1816,USD/QAR
1817,USD/RON
1818,USD/RSD
1819,USD/RUB
1820,USD/RWF
1821,USD/SAR
1822,USD/SCR
1823,USD/SDG
1824,USD/SEK
1825,USD/SGD
1826,USD/SOS
1827,USD/STD
1828,USD/SVC
1829,USD/SYP
1830,USD/SZL
1831,USD/THB
1832,USD/TJS
1833,USD/TMT
1834,USD/TND
1835,USD/TRY
1836,USD/TTD
1837,USD/TWD
1838,USD/TZS
1839,USD/UAH
1840,USD/UGX
1841,USD/UYU
1842,USD/UZS
1843,USD/VEF
1844,USD/VND
1845,USD/VUV
1846,USD/XAF
1847,USD/XCD
1848,USD/XOF
1849,USD/XPF
1850,USD/YER
1851,USD/ZAR
1852,USD/ZMK
1853,UYU/ARS
1854,UYU/BOB
1855,UYU/BRL
1856,UYU/CLP
1857,UYU/COP
1858,UYU/MXN
1859,UYU/PEN
1860,UYU/PYG
1861,UYU/USD
1862,UYU/VEF
1863,UZS/RUB
1864,VEF/AED
1865,VEF/ARS
1866,VEF/AUD
1867,VEF/BBD
1868,VEF/BHD
1869,VEF/BOB
1870,VEF/BRL
1871,VEF/CAD
1872,VEF/CHF
1873,VEF/CLP
1874,VEF/CNY
1875,VEF/COP
1876,VEF/CZK
1877,VEF/DKK
1878,VEF/EGP
1879,VEF/EUR
1880,VEF/GBP
1881,VEF/HKD
1882,VEF/HUF
1883,VEF/IDR
1884,VEF/ILS
1885,VEF/INR
1886,VEF/ISK
1887,VEF/JMD
1888,VEF/JOD
1889,VEF/JPY
1890,VEF/KES
1891,VEF/KRW
1892,VEF/LBP
1893,VEF/LKR
1894,VEF/MAD
1895,VEF/MXN
1896,VEF/MYR
1897,VEF/NAD
1898,VEF/NOK
1899,VEF/NPR
1900,VEF/NZD
1901,VEF/OMR
1902,VEF/PAB
1903,VEF/PEN
1904,VEF/PHP
1905,VEF/PKR
1906,VEF/PLN
1907,VEF/PYG
1908,VEF/QAR
1909,VEF/RON
1910,VEF/RUB
1911,VEF/SAR
1912,VEF/SEK
1913,VEF/SGD
1914,VEF/THB
1915,VEF/TRY
1916,VEF/TWD
1917,VEF/USD
1918,VEF/UYU
1919,VEF/XAF
1920,VEF/XCD
1921,VEF/XOF
1922,VEF/ZAR
1923,VND/USD
1924,VND/XAF
1925,WTI/USD
1926,XAG/AUD
1927,XAG/CHF
1928,XAG/EUR
1929,XAGg/TRY
1930,XAGg/USD
1931,XAG/USD
1932,XAU/AUD
1933,XAU/CAD
1934,XAU/CHF
1935,XAU/EUR
1936,XAU/GBP
1937,XAU/JPY
1938,XAU/NZD
1939,XAU/USD
1940,XBR/USD
1941,XPD/USD
1942,XPT/USD
1943,ZAR/AED
1944,ZAR/ARS
1945,ZAR/AUD
1946,ZAR/BBD
1947,ZAR/BHD
1948,ZAR/BRL
1949,ZAR/BWP
1950,ZAR/CAD
1951,ZAR/CHF
1952,ZAR/CLP
1953,ZAR/CNY
1954,ZAR/CZK
1955,ZAR/DKK
1956,ZAR/EGP
1957,ZAR/EUR
1958,ZAR/GBP
1959,ZAR/HKD
1960,ZAR/HUF
1961,ZAR/IDR
1962,ZAR/ILS
1963,ZAR/INR
1964,ZAR/ISK
1965,ZAR/JMD
1966,ZAR/JOD
1967,ZAR/JPY
1968,ZAR/KES
1969,ZAR/KRW
1970,ZAR/LBP
1971,ZAR/LKR
1972,ZAR/MAD
1973,ZAR/MXN
1974,ZAR/MYR
1975,ZAR/NAD
1976,ZAR/NOK
1977,ZAR/NPR
1978,ZAR/NZD
1979,ZAR/OMR
1980,ZAR/PAB
1981,ZAR/PHP
1982,ZAR/PKR
1983,ZAR/PLN
1984,ZAR/QAR
1985,ZAR/RON
1986,ZAR/RUB
1987,ZAR/SAR
1988,ZAR/SEK
1989,ZAR/SGD
1990,ZAR/THB
1991,ZAR/TRY
1992,ZAR/TWD
1993,ZAR/USD
1994,ZAR/VEF
1995,ZAR/XAF
1996,ZAR/XCD
1997,ZAR/XOF
